<?xml version="1.0" encoding="UTF-8" ?>
<!DOCTYPE tiles-definitions PUBLIC
"-//Apache Software Foundation//DTD Tiles Configuration 2.0//EN"
"http://tiles.apache.org/dtds/tiles-config_2_0.dtd">
<tiles-definitions>
	<definition name="/admin/applycheck/applyList" extends="AdminBaseLayout">
	      <put-attribute name="title" value="신청서 리스트~" />
	      <put-attribute name="body" value="/WEB-INF/views/admin/applycheck/applyList.jsp" />
	</definition>

	<definition name="/admin/applycheck/applyView" extends="AdminBaseLayout">
	      <put-attribute name="title" value="신청서 상세내역~" />
	      <put-attribute name="body" value="/WEB-INF/views/admin/applycheck/applyView.jsp" />
	</definition>
	
</tiles-definitions>
