<?xml version="1.0" encoding="UTF-8" ?>
<!DOCTYPE tiles-definitions PUBLIC
"-//Apache Software Foundation//DTD Tiles Configuration 2.0//EN"
"http://tiles.apache.org/dtds/tiles-config_2_0.dtd">
<tiles-definitions>
	<definition name="AdminBaseLayout"  template="/WEB-INF/views/common/layout_admin.jsp">
      <put-attribute name="title" value="" />
      <put-attribute name="header" value="/WEB-INF/views/common/header.jsp" />
      <put-attribute name="side" value="/WEB-INF/views/common/side.jsp" />
      <put-attribute name="body" value="" />
      <put-attribute name="footer" value="/WEB-INF/views/common/footer.jsp" />
   </definition>

	<definition name="/admin/notice/noticeList" extends="AdminBaseLayout">
	      <put-attribute name="title" value="공지사항" />
	      <put-attribute name="body" value="/WEB-INF/views/admin/notice/noticeList.jsp" />
	</definition>
	
	<definition name="/admin/notice/noticeForm" extends="AdminBaseLayout">
	      <put-attribute name="title" value="공지사항 글쓰기" />
	      <put-attribute name="body" value="/WEB-INF/views/admin/notice/noticeForm.jsp" />
	</definition>

	<definition name="/admin/notice/noticeView" extends="AdminBaseLayout">
	      <put-attribute name="title" value="공지사항 글 보기" />
	      <put-attribute name="body" value="/WEB-INF/views/admin/notice/noticeView.jsp" />
	</definition>

	
</tiles-definitions>
