<?xml version="1.0" encoding="UTF-8" ?>
<!DOCTYPE mapper
      PUBLIC "-//mybatis.org//DTD Mapper 3.0//EN"
   "http://mybatis.org/dtd/mybatis-3-mapper.dtd">

<mapper namespace="mapper.admin_notice">
	<resultMap id="noticeResult" type="noticeVO">
		<result property="no" column="noticeNO" />
        <result property="title" column="title" />
        <result property="content" column="content" />
        <result property="writeDate" column="writeDate" />
	</resultMap> 

	<select id="selectAllNotices" resultMap="noticeResult">
      <![CDATA[
         select * from o_notice	order by noticeNO desc	 	
      ]]>
	</select>
	
	<insert id="insertNotice" parameterType="noticeVO">
		<selectKey resultType="int" keyProperty="no" order="BEFORE">
	    	select notice_NO.nextval from dual
	    </selectKey>
		<![CDATA[
         insert into o_notice(noticeNO, title, content)
         values(#{no}, #{title}, #{content})	 	
      ]]>
	</insert>
	
	<delete id="deleteNotice" parameterType="int">
		<![CDATA[
			delete from o_notice where noticeNO=#{no}
		]]>
	</delete>
	
	<update id="updateNotice" parameterType="noticeVO">
		<![CDATA[
	     update o_notice
	     set title=#{title}, content=#{content}
	     where
	     noticeNO=#{no}
      ]]>
	</update>
	
	<select id="selectNotice" resultMap="noticeResult" parameterType="int">
      <![CDATA[
         select * from o_notice	where noticeNO=#{no}	 	
      ]]>
	</select>
    
</mapper>