<?xml version="1.0" encoding="UTF-8"?>
<!DOCTYPE mapper
      PUBLIC "-//mybatis.org//DTD Mapper 3.0//EN"
   "http://mybatis.org/dtd/mybatis-3-mapper.dtd">

<mapper namespace="mapper.admin_applycheck">
	<resultMap id="adminApplyListResult" type="articleVO">
		<result property="applyNO" column="applyNO" />
		<result property="title" column="title" />
		<result property="id" column="id" />
	</resultMap> 
	
	<resultMap id="adminApplyContentsResult" type="articleVO">
		<result property="applyNO" column="applyNO" />
		<result property="title" column="title" />
		<result property="content" column="content" />
		<result property="imageFileName" column="imageFileName" />
		<result property="category" column="category" />
		<result property="hashtag" column="hashtag" />
		<result property="id" column="id" />
	</resultMap>
	
	<resultMap id="adminApplyImageResult" type="imageVO">
		<result property="imageNO" column="imageNO" />
		<result property="imageFileName" column="imageFileName" />
		<result property="regDate" column="regDate" />
		<result property="applyNO" column="applyNO" />
	</resultMap>

	<select id="selectAllLists" resultMap="adminApplyListResult">
      <![CDATA[
         select * from o_applyform	order by applyNO	 	
      ]]>
	</select>
	
	<select id="selectApplycation" resultMap="adminApplyListResult" parameterType="int">
      <![CDATA[
         select * from o_applyform where applyNO = #{applyNO}	 	
      ]]>
	</select>
	
	<select id="selectImageFileList" resultMap="adminApplyImageResult" parameterType="int">
		<![CDATA[
			select * from o_imagefile where applyNO = #{applyNO}
		]]>
	</select>
	
	<insert id="insertGallery" parameterType="int">
		<![CDATA[
			insert into o_gallery(galleryNO, title, content, imagefilename, category, hashtag, id) select * from o_applyform where applyNO = #{applyNO}
		]]>
	</insert>
	
	<delete id="deleteApplyform" parameterType="int">
		<![CDATA[
			delete from o_applyform where applyNO = #{applyNO}
		]]>
	</delete>
	
	<delete id="deleteImageFile" parameterType="int">
		<![CDATA[
			delete from o_imagefile where applyNO = #{applyNO}
		]]>
	</delete>
    
</mapper>