<?xml version="1.0" encoding="UTF-8"?>
<!DOCTYPE mapper
      PUBLIC "-//mybatis.org//DTD Mapper 3.0//EN"
   "http://mybatis.org/dtd/mybatis-3-mapper.dtd">
<mapper namespace="mapper.main">
	<resultMap id ="mainGalleryList" type="galleryVO">
		<result property="galleryNO" column="galleryNO"/>
		<result property="title" column="title"/>
		<result property="content" column="content"/>
		<result property="imageFileName" column="imageFilename"/>
		<result property="category" column="category"/>
		<result property="hashtag" column="hashtag"/>
		<result property="regDate" column="regDate"/>
		<result property="id" column="id"/>
	</resultMap>
	
	<select id="selectGalleryInfo" resultMap="mainGalleryList">
		<![CDATA[
			select galleryNO, imageFileName from o_gallery
		]]>
	</select>
	
</mapper>