<?xml version="1.0" encoding="UTF-8"?>
<beans:beans xmlns="http://www.springframework.org/schema/mvc"
	xmlns:xsi="http://www.w3.org/2001/XMLSchema-instance"
	xmlns:beans="http://www.springframework.org/schema/beans"
	xmlns:context="http://www.springframework.org/schema/context"
	xsi:schemaLocation="http://www.springframework.org/schema/mvc https://www.springframework.org/schema/mvc/spring-mvc.xsd
		http://www.springframework.org/schema/beans https://www.springframework.org/schema/beans/spring-beans.xsd
		http://www.springframework.org/schema/context https://www.springframework.org/schema/context/spring-context.xsd">

	<!-- DispatcherServlet Context: defines this servlet's request-processing infrastructure -->
	
	<!-- Enables the Spring MVC @Controller programming model -->
	<annotation-driven />

	<!-- Handles HTTP GET requests for /resources/** by efficiently serving up static resources in the ${webappRoot}/resources directory -->
	<resources mapping="/resources/**" location="/resources/" />

	<!-- Resolves views selected for rendering by @Controllers to .jsp resources in the /WEB-INF/views directory -->
 
	<!-- <beans:bean class="org.springframework.web.servlet.view.InternalResourceViewResolver"> 
		<beans:property name="prefix" value="/WEB-INF/views/" /> 
		<beans:property name="suffix" value=".jsp" /> 
	</beans:bean> -->
    <context:component-scan	base-package="com.spring.proOne" />

  <beans:bean id="tilesConfigurer" class="org.springframework.web.servlet.view.tiles2.TilesConfigurer">
		<beans:property name="definitions">
			<beans:list>
				<beans:value>classpath:tiles/*.xml</beans:value>
			</beans:list>
		</beans:property>
		<beans:property name="preparerFactoryClass"
			          value="org.springframework.web.servlet.view.tiles2.SpringBeanPreparerFactory" />
	</beans:bean>
	
	
	<beans:bean id="viewResolver"
		class="org.springframework.web.servlet.view.UrlBasedViewResolver">
		<beans:property name="viewClass" value="org.springframework.web.servlet.view.tiles2.TilesView" />
	</beans:bean>

    
   <interceptors>
    	<interceptor>
    	 <mapping path="/*/*/*.do"/>
	      <mapping path="/*/*.do"/>
	   <beans:bean class="com.spring.proOne.common.interceptor.ViewNameInterceptor" />
	</interceptor>
</interceptors>


	<beans:bean id="multipartResolver" 	class="org.springframework.web.multipart.commons.CommonsMultipartResolver">
		<beans:property name="maxUploadSize" value="52428800" />
		<beans:property name="maxInMemorySize" value="1000000" />
		<beans:property name="defaultEncoding" value="utf-8" />
	</beans:bean> 
	
	
	
</beans:beans>
